{
    "Owner":[
       "u9b9897fdd536e9886a4b7c28def482cf"
    ],
    "Creator":[
        "u9b9897fdd536e9886a4b7c28def482cf"
    ],
    "Blacklist": [],
    "Bots": [],
    "ajsSecondary": "",
    "ajsToken": "uac668f30b6b7187e07fa33bd90608984:aWF0OiA5OTM3ODg4MTg4MAo=..JdvbUzallJVpYwkreExooYaEO5c=",
    "assistSecondary": "",
    "assistToken": "ua9e4ba346fdddb4913c2ee364dbd4c2a:aWF0OiA5OTM3ODg5ODE0MAo=..jdUU9WrJxfvOAKVOQJ5mE1xiBMU=",
    "headers": "CHROMEOS\t2.4.9\tChrome OS\t1",
    "protect": {
        "cancel": [],
        "invite": [],
        "join": [],
        "kick": [],
        "qr": []
    }
}